PC1,PC2,PC3,PC4,PC5,PC6,PC7,PC8,PC9,label,domain
-2.276625031688825,-0.8372492603327316,-1.193638667499626,-0.4447235493538467,0.05044664009154637,-0.2640144599978509,-0.18653457265021678,-0.691875449184529,-0.16418693839629336,Ball_Fault,Source
-2.5661915613974395,-0.2991512087738683,-0.8246155100517667,0.6010604438325035,-2.3844428833263693,1.537386847140252,-1.1154236566855058,-0.8226689433989139,-0.060779949307027244,Ball_Fault,Source
-2.1431054817535,1.722133395348065,-0.3944020356284886,-0.395006724069284,-2.761533231116395,1.095165316159578,-0.29711669298004695,0.13635450164988316,-0.9060279047284927,Ball_Fault,Source
-1.8352046321482918,-0.48880191243919524,-0.7719758201347517,-1.562836762195202,0.16894460726015714,0.407524633652772,0.4147215876218509,0.2509307166894503,-0.8652697289577004,Ball_Fault,Source
-1.4039567079334172,-1.6137270995910242,-1.8853229498735744,-0.9373733763342716,0.5818047439172502,1.0093334130634382,-0.1549167230157033,-0.31240392565417063,0.36277103730200094,Ball_Fault,Source
-1.7008950284818765,-1.03394840666672,-1.3684920587004108,-0.9813097519576847,0.03527053930549131,0.9246484215906335,-0.1376416125218797,-0.14649487157085114,-0.5187135866560884,Ball_Fault,Source
-1.867849495498136,-0.4814876359113171,-1.1957108998716495,-1.2725942276774969,-0.5230995084732553,-0.49558044975982096,0.20304100694812072,-0.4729672868651082,-0.5326463096533433,Ball_Fault,Source
-1.3684154891128633,-0.6310686128708667,-1.7424609852092978,-1.1841375059067523,0.2910084874373886,0.6634592390101077,-0.04691514591708616,-0.16109979814797296,-0.12528603179332853,Ball_Fault,Source
-1.9856788530275455,-0.2258221439491711,-0.9630472062702222,-1.5308400901549164,0.5370975466506474,-0.1788417969704335,0.39354436156789824,0.29552772932988786,-0.5763045280142258,Ball_Fault,Source
-2.0964299492096927,-0.25723325943990294,-1.322221460308121,-1.035209929097258,-0.7084874256710265,0.17153840771357196,0.036536813831253755,-0.3230192135948519,-0.5524074350700237,Ball_Fault,Source
-1.6165410143066423,-0.5714519946100123,-1.6878960019718974,-1.366412344963118,0.9443722162806734,-0.31564801595390474,0.21617993284344045,-0.5013009696419929,-0.5382268316329023,Ball_Fault,Source
-0.9676764256441601,-0.4551914207787479,-2.5856978854263053,-1.4599723418032777,0.46331915590081124,1.9213443989938264,0.12676325258539828,0.5347860789564064,-0.03497227439636462,Ball_Fault,Source
12.21990301196594,16.163217521391996,-8.822251039038616,-0.5684056208384,-0.6968503065290136,-0.7204789247787446,0.6970623751955249,-0.9273605728272503,-1.6674578685835744,Ball_Fault,Source
12.23183426479339,15.214751034742308,-8.748036707800042,-0.7261468999798295,-0.11211184546528621,-0.22944446565441734,0.816123091391981,-0.7982828541176146,-1.0316190635689337,Ball_Fault,Source
-2.552944542093949,-2.669459352163578,-0.11034491860019545,0.9839828124701383,-0.02240959811648955,1.8926708187245278,-0.4949429660330505,-0.8928881909378074,0.20366047820511396,Ball_Fault,Source
-3.387054684245544,-2.1952251786104515,-0.05756497954286014,2.4407886448014557,-0.28688808007240874,0.8078733173662885,1.0328068369639858,-0.42559269212782874,0.20997222080573888,Ball_Fault,Source
-1.892978203130639,-1.0690575167997114,-0.007253821013448421,0.27105194609482225,0.8734679721519403,1.0046609439033005,-0.014009475800663593,-0.9625602376088671,-0.585301894673431,Ball_Fault,Source
-0.8267671907947556,-0.3668307039480825,-0.5053274729917488,0.7395462513222156,0.2673128875980839,1.3461630408572678,-0.7006227484625213,-0.6247457332721144,-0.3693917378324831,Ball_Fault,Source
-0.8909544663028728,-0.8497033368838115,0.48316384734951906,0.3222299292855527,0.9080722283031348,1.5346648351556327,0.5821445429024503,-0.9391530527527461,0.5502049702740901,Ball_Fault,Source
-3.833382427186578,-3.6709937842958933,-0.7802238584745232,2.043935361899286,0.7637252042819587,1.2125184476397515,1.638490191224897,-0.6607173980888882,-0.0882378494917808,Ball_Fault,Source
-2.2539230431087898,-2.502196810009631,1.3883591916929066,0.6243751135265543,1.0540953976088547,0.5734976236395551,0.3000931818245532,-1.026683146453627,-0.7168563762511366,Ball_Fault,Source
-0.048643996258808206,-0.7837925769794293,-0.3634919628126201,1.219546855087187,1.4813930776875077,1.5177761802428424,-0.2492434481693055,-1.0272577291157001,0.6949364844362881,Ball_Fault,Source
-2.6980760921230473,-2.077654339103775,-0.36848652172766544,2.3150955067086625,-0.19264410552499697,0.9933975656646935,0.7350608292318295,-0.9928047100787087,0.7633519230497944,Ball_Fault,Source
-1.5260230298840336,-0.6900692203739276,-0.16355546383672723,1.1477608711080964,0.2338899725642127,1.568851032031473,-0.543438376911263,-0.9506553587235851,-0.14782967849688808,Ball_Fault,Source
-2.5166713075068734,-1.0925574607449076,-0.5788035020150007,-0.5091748544641544,-0.17758016987676967,1.5261396452228913,-0.21493121120427708,0.6465047279094106,0.3531346136163458,Ball_Fault,Source
-1.275896616265776,-1.6856165824080525,-0.9109499973402472,-0.4203031096167728,0.4055890360180226,1.6910822038623945,-0.3136312992660917,0.18944870938127797,-0.42200982150738037,Ball_Fault,Source
-2.5244281268362494,-0.1739480126370527,0.9829941321715824,0.010977099411804097,-1.8633405903945315,1.1223699217836245,-0.6225992135959899,0.4415645224808022,-0.1138722651282479,Ball_Fault,Source
-0.9169922993616123,1.4991289104559502,-1.3041183470512543,-1.3563145972219326,-0.3295439072612104,1.1211159744868502,0.11855314204252043,0.4790475764331095,-0.4322615363492382,Ball_Fault,Source
-1.5779316515825943,-0.43910115337776917,-0.46053765610161523,-1.3713192560935008,1.4145757044658032,0.9925847518186773,-0.006648467167097715,0.6051172047426329,-0.6455157130364327,Ball_Fault,Source
-2.1320055560324955,2.54154628809618,1.784601740047787,-0.16860586128670085,-3.2144931909086383,0.15578685299419429,-0.5584675752784135,0.44135527328923546,-0.11035370664260119,Ball_Fault,Source
-2.335338846757557,3.1554693139001637,-0.7880717822466105,-0.857261939324435,-0.1787147229052768,-0.24139243583396644,0.08536490270148106,-0.08336526860104838,-0.5080524648242463,Ball_Fault,Source
-3.009879879032436,3.2342706399639853,0.013272629278516548,-0.15362656821780019,-2.2819878429087286,0.9494916369396309,-0.6515575265336663,0.14555745384674715,-0.657677725549254,Ball_Fault,Source
-2.1176532027619177,0.17620749096145952,-1.293977114728118,-0.3245108163013424,1.923279181064094,1.2524547369423866,-0.4477899009459636,-0.949777205901531,-0.3143355884382348,Ball_Fault,Source
-1.916548431191034,0.2940752098364,-1.1723742208572254,0.1744721087936968,1.6915086815390494,0.24749110641288344,-0.2575890589351173,-0.5558151639630609,-0.8678776505156168,Ball_Fault,Source
-1.2783341973463878,0.6690929292644389,-1.80436652646218,-0.42377274945389987,1.8479749244023933,0.48020702749006156,-0.050134563614453516,-0.5946568206162275,-0.6989595952343629,Ball_Fault,Source
-1.818409030046144,0.5519703391549301,-1.5921313367794232,0.04874829554478629,0.6063154760725067,1.5164067578381035,-0.4477728982243405,-0.31565677666432196,0.20340202271578472,Ball_Fault,Source
0.0013276064453931738,-0.9778534488828852,-2.3406896737530456,-1.1691558286517094,-1.3778775803336227,0.6094903034037644,0.08250362357071651,0.013747524179863278,0.18038546801374847,Ball_Fault,Source
-1.6484923927979456,-0.9470583367692141,0.10407638452461714,-0.798332768575372,-2.420844020659665,-1.0297356422739643,0.781780044196993,0.018975316800525957,0.15450285449611031,Ball_Fault,Source
-0.9607623465251289,-2.1769651726961166,-1.3501649963165558,-1.2729666499888657,-0.552206071387912,0.24849437635356644,0.4985098313883707,0.23705536983078884,-0.42978642431051767,Ball_Fault,Source
-1.054241641524828,-1.3607401636674075,-1.5540438381784687,-1.5875688879247156,-0.8637098949400289,-0.36673209190084205,0.3060121044787723,0.06973718099283463,0.4570255900723219,Ball_Fault,Source
-0.7757283285357893,-1.248812081544968,-1.580634030185193,-1.4926313455193088,-1.0479670618731405,-0.5316644753716238,0.9515666385045356,-0.2104583063200493,0.09063461486167679,Ball_Fault,Source
-0.17532992250289578,0.2864065976053219,-1.5296437290944875,-1.3448095407049927,-1.719880527930004,-0.8235542759927137,-0.24079822633719078,-0.1260940088314787,-0.13544735748312,Ball_Fault,Source
-0.8433627938866444,-1.622524833890012,-2.3178716061904137,-1.4240837482786755,-0.47645323179246285,0.30890307892298624,-0.06452631041243753,0.36924329411463014,0.6171953364536505,Ball_Fault,Source
-1.109897026232938,-2.2691195256841263,-1.6410539352680658,-1.1376784320389393,-0.7111323530585762,0.32863234957555976,0.17279251955492758,0.10291823269085912,0.4689564136157909,Ball_Fault,Source
-0.8887356251202972,-2.4396058697371914,-0.35737992304493954,-1.1247187547148856,-0.8017753834604319,0.5212122345153158,0.37572004475919607,0.4033434752765394,0.3630817467906385,Ball_Fault,Source
-0.17638704054120613,0.1518388594434549,-1.0059015356398553,-0.9624233426385013,-2.943988621079095,0.9591579856436009,0.3523594372187485,0.6195892335662248,0.9740390838320843,Ball_Fault,Source
-1.2829714110961807,-1.962650194049109,-1.4007871676616497,-1.1105365509237546,-1.2694568391741619,0.6880874984142563,0.06210673593093446,0.3450115103066418,0.5240660929860614,Ball_Fault,Source
-0.04321730004413626,0.8028622872184319,-1.9458123444723325,-1.3548239031745606,-3.409780326084612,1.4212190610841577,0.4923869654557345,0.7742965011709619,0.6099670157438049,Ball_Fault,Source
-0.5385980049614009,0.4457540737339472,0.04270095648154257,0.5312053378876557,-0.5522264524949748,0.3448491880107522,-1.3669856110091192,0.4233320630977124,0.3854337515089629,Inner_Race_Fault,Source
-1.0237636375503791,1.1496052754105082,0.29050040349242007,0.707145189136127,-2.0023689292679,0.7008976625620178,-1.5048472253540761,0.4311324831002345,0.5994171843194714,Inner_Race_Fault,Source
0.6142235836426712,-0.4581415258827944,-1.2068031045644156,-0.1762829902599418,1.4393879421703935,0.9304667483225283,-1.0504672406935671,0.37467438810508036,0.39141594827341114,Inner_Race_Fault,Source
-0.1703585835271242,-0.38226159181523434,-0.38981875843431163,0.5886204773878307,0.3715838684347466,-0.04361662008905492,-0.5652265128128328,0.31444023547940303,0.36520130098830345,Inner_Race_Fault,Source
-0.6346164359648094,-0.41170410386763356,-0.14890159356079974,-0.19627812246101922,0.6964887702272783,-0.42521178300303514,-0.8742750893045267,0.20519434977907,-0.23257755024890955,Inner_Race_Fault,Source
-0.3638048855667356,0.6877782596817669,-0.10392995218728825,0.41028550756514853,-0.7637498337877603,0.4882547937273471,-1.2486495488426148,0.4762097390946998,0.1767507192401525,Inner_Race_Fault,Source
-0.4443630758155605,0.23833614122491312,-0.9842320900556165,0.7203727643246753,0.012837012527759314,0.38167471121168695,-1.2833127353516818,0.5941772233338909,0.7298049830279211,Inner_Race_Fault,Source
0.08788204831771368,-1.1327174270001001,-1.3154510811658058,0.2837213097879593,1.4657255731607401,0.4128170551837234,-0.8415548558778645,0.5628306305756795,0.6757147253594105,Inner_Race_Fault,Source
-1.1108772036478143,-0.023315131544623304,0.014078970630712293,0.8208975929589649,-0.4396230213372485,0.014548537114342992,-1.0957395194081374,0.5023745393957084,0.46879722646404703,Inner_Race_Fault,Source
-0.7051693106300755,-0.29613663402663326,-0.5746277847486062,0.4116772853209246,0.2674299602839975,0.2745543194519271,-1.530170520710705,0.32360131424039223,0.4560254303486323,Inner_Race_Fault,Source
-0.31329669097000207,-0.6716429855413825,-1.1208674053665937,-0.12977369093586302,1.059085545857577,0.5286330528618625,-1.2383320522683863,0.35645715430225516,0.3581532101935945,Inner_Race_Fault,Source
-0.44158961960049276,0.3540155314165985,-0.5980757562558785,0.34388312203557403,-0.416447148392237,0.498481510378419,-1.440491777470656,0.46490634095957273,0.3550705680456081,Inner_Race_Fault,Source
-0.09525673217499478,-0.4446010153507547,3.0703378197885915,-0.7014465069113038,1.4092101811749251,-2.9153975792904743,-0.34871340937622786,-0.0806343621100181,-0.27609951481896977,Inner_Race_Fault,Source
4.32429510572877,-0.36680452548071074,3.2493786282424213,1.2394236563349288,0.11372916625868094,-0.3960332209359268,-0.4063161431021813,-0.8295926340611882,0.6649260431921584,Inner_Race_Fault,Source
4.47234001540888,-0.6002130036281749,3.0524397620178116,1.2632053340139928,0.2262212970465245,0.2275701016381894,-0.9951154380021993,-0.5373275170748094,0.891995387819423,Inner_Race_Fault,Source
3.48225434632202,-0.3398907088414621,2.6450573933321784,0.39816266591272853,0.20601797896839635,-0.35541889641207697,-0.6207851480634968,-1.1952635015847046,0.3929214744740095,Inner_Race_Fault,Source
5.027032325306353,-0.8460924761930882,3.668890978115892,0.6479741118838845,0.9550722970014534,-0.021732863164714757,-0.5108319454497582,-1.664563507960648,0.05770344232984298,Inner_Race_Fault,Source
5.08729892243775,-0.9424282576936388,2.9036909939697186,0.8191121449783442,0.9073281207407979,0.3356555480731853,-1.1207804386537408,-1.663382339033996,0.06614041059183985,Inner_Race_Fault,Source
2.0089871757236946,-0.3000322724913303,1.8327715167565832,0.43372901675425385,0.2576814828452986,-0.16920979089517865,-1.0627074806614099,-0.7935910066876607,0.8448426371364178,Inner_Race_Fault,Source
-0.7652244557022567,-0.6138661429878427,3.537693051446438,-0.6411118487187073,0.5870225194078348,-2.2038384607714896,-0.17073519000614493,-0.4052198647399387,-0.3283012000853065,Inner_Race_Fault,Source
3.2529780774470676,0.44373170304741544,1.7989202608514998,-0.09691716681030203,1.5627935085935691,-2.150103515738339,-1.2445247223698825,-0.9631570946526231,-0.07561296961304378,Inner_Race_Fault,Source
2.1117629506834126,-0.963885230838404,2.551421280012142,0.9483989221661489,-0.1976678720748473,0.09281167267813394,-0.9072998819709484,-0.7850410436836505,0.1656739112581904,Inner_Race_Fault,Source
2.2303263373609314,-1.2240388448838775,2.4696649905765486,0.4746082615276241,0.5674681753018406,0.09614286873706364,-0.21500107139714683,-0.9192024923517688,0.11578435538461249,Inner_Race_Fault,Source
2.1411389855665406,-1.4688736805319893,2.056024674696139,0.8278973576898166,0.07642725598679148,0.6550736083690459,-0.8778840134505828,-0.6945262009854797,0.44999658706950396,Inner_Race_Fault,Source
0.38862916022750127,-1.2944669386074164,0.31618445916595106,-0.19185384270069925,0.7501215975842865,-1.3802072209207008,0.39958049385254735,-0.6177973166483068,-0.33962142516799454,Inner_Race_Fault,Source
0.23996041909565988,-2.0808262211410407,-0.5161680338651102,0.12767614588583542,0.12049957787074977,0.9320856012950718,-0.12944549327074464,0.057887084819099835,0.44085386595380943,Inner_Race_Fault,Source
-0.7753993614107462,-1.8392551660010659,-0.29982366521674303,0.31356642500603044,-0.43785737277691195,-0.07943471525858385,-0.2724791936530335,-0.477196734564966,-0.1403910257206139,Inner_Race_Fault,Source
0.7186237827246044,-0.4761273434845762,-0.7173642840008283,-0.36088635926411405,-0.09557788608333631,-0.7352613311890548,-0.08907257419442781,-0.1306922491852581,-0.0964812369511441,Inner_Race_Fault,Source
-0.3025646688669778,-0.38575108291244925,0.7708385020020709,-0.8375606992332145,0.4364684818036977,-2.271740285430951,0.3809481562869714,0.039365002601499145,-0.32984443577941003,Inner_Race_Fault,Source
0.09964301412542134,-1.2296433605860995,0.1545867610564157,0.10498609301278854,-0.43182285834258693,0.4390584054507963,-0.29699030544984323,0.23715635531810172,0.3231400126699754,Inner_Race_Fault,Source
1.0808518855437794,-0.3426581250265998,0.41846657885122845,-0.11403424543280224,-0.29229787114253625,-0.1708377460041302,0.03812965118681402,0.12219499804760467,0.3608476436948771,Inner_Race_Fault,Source
1.1806847730528278,-1.326104404432366,0.3313292553949319,-0.4087470276378083,0.9763387375414865,-0.5092143418894441,0.06723290786840244,0.0343298463155941,-0.20660007347543743,Inner_Race_Fault,Source
-0.007885986454835767,-2.7604276091736186,0.680748632660291,0.13638991760576075,0.040036499099143356,0.9990507988000474,0.00764999997459223,-0.04940816583136816,0.23682797447075743,Inner_Race_Fault,Source
1.32451061713364,-1.315673135813252,-1.2732574732633744,-0.3928584253346465,0.6400185712121297,0.7325539672185842,-0.17791278889809992,0.026813729475583956,0.5668731364400739,Inner_Race_Fault,Source
2.037814310583257,-0.8514084194641756,-0.7098231509630039,0.0765108853044875,0.49766933248968664,0.2499679382338748,-0.16328060146580214,-0.4412594452488438,0.9999563133941123,Inner_Race_Fault,Source
2.019379257967713,-0.7532518537545614,-0.813229895285472,-0.12933271262743082,0.65609752533764,0.005001945847224324,-0.03268970474277191,-0.4178151919801801,0.6062029799338754,Inner_Race_Fault,Source
-1.0168944623052145,-0.10616794381686281,-1.9341972638531317,1.4836051134540358,-0.9884924734886914,0.2985985009508319,-0.8434738981581948,0.010327409170704484,-0.20834498821917696,Inner_Race_Fault,Source
-1.1516877792646378,-0.15462671487236848,-1.6232572439958597,1.1492206860749645,-0.11087519077748079,-0.7447052852935416,-0.37539577843129956,-0.44936534875462275,-0.40671678719024024,Inner_Race_Fault,Source
-0.9790209417586792,0.358637653239385,-2.3424593822743422,1.5489967456624623,-0.43265011343481957,0.059450981764956015,-1.0752135932186184,-0.2864655905437794,0.2054697806228512,Inner_Race_Fault,Source
-0.8582309443609691,-0.8289180857452962,-3.4399506986807795,2.238727249118531,1.1002002983344332,-0.5166607358041971,0.7289523829262461,0.5110195650834979,-0.4554931744909734,Inner_Race_Fault,Source
-2.100135827350988,0.40283662274778964,-1.3010431095828219,2.3036352843989105,-2.344367378508851,0.445880022415775,-1.004436306448698,0.16622776200029368,-0.7109305586460927,Inner_Race_Fault,Source
-1.5757512985154725,-0.30951352612472993,-2.1614723642681914,3.502013168776722,-1.2304530708754087,0.011742658504036722,0.15800740716346842,0.8001340005207856,-0.5772368351251278,Inner_Race_Fault,Source
0.015337874375538197,-0.34302405454591944,-3.69775126318337,3.166118269492478,1.592667964360096,-0.01114866582075073,0.018330862673432563,0.7726123804691455,0.11665640747679738,Inner_Race_Fault,Source
-0.23346450300284877,-0.06142511076336175,-3.763867189423097,3.6259386762768955,1.4770592890563523,-0.23337922402701197,-0.09188745029576936,1.1916199535547956,-0.7409369889612273,Inner_Race_Fault,Source
-0.44623261879112786,-0.4192870578867791,-3.794684481602272,3.740833260509255,0.6799652086134917,0.46290969302116414,-0.4481270234495769,1.320842328569454,-0.011775923364193171,Inner_Race_Fault,Source
-1.3629252851429372,-0.564117612545277,-2.63724669858332,3.981212261915237,0.779220025054698,0.12425306704745576,0.6028369905449406,0.7493363337142507,-0.77509022619536,Inner_Race_Fault,Source
-1.23458479640133,0.34455039662532455,-3.2447532263251864,4.517586052672154,-0.3955593100318459,1.043344358387452,0.19987360698978598,1.0811673570511238,-0.8713701464145175,Inner_Race_Fault,Source
-0.8407541866898364,0.7268293454864105,-2.851227213927114,3.7392768660475904,0.362012029255607,-0.6778029500293307,0.7739428324107054,0.8308115207819169,-1.162541931746929,Inner_Race_Fault,Source
0.23544389919399483,-1.630461468457672,-0.20886060050685704,-1.5226450784071193,0.9297784673773357,0.1344351329564065,0.20705757433962654,-0.08364060267729383,0.039147007904917416,Outer_Race_Fault,Source
-0.21103644200921756,-1.1091726668377264,0.4581234212075586,-0.9000525613279234,-0.45680974699743565,0.2708583699225941,-0.3788340906806626,0.15177341568391164,0.2736583666920751,Outer_Race_Fault,Source
0.9485728424621853,0.009773215615073652,-0.9458682873944484,-0.9786813231687571,-0.5956748600570394,-0.11226459965172371,-0.5721504189528767,-0.3489163118973936,0.5012170725656102,Outer_Race_Fault,Source
0.48799398694584345,0.5133745362258373,-0.9855215395555336,-1.2267711952422955,-0.5829386907494521,0.7198477021923437,-0.43533831063427053,0.7571844817926167,0.5745981896060622,Outer_Race_Fault,Source
0.6325952931076528,-0.41185301488258275,-0.9952594010598951,-1.120536452003177,0.31111432351800505,0.35834812983496245,-0.6069689704536596,0.33727013988772836,0.6439611121578579,Outer_Race_Fault,Source
0.14358931895228497,0.2822404323162919,-0.549193315932752,-0.36837774860337447,-1.324561831758071,-0.45440689525702904,-1.0903476508683494,-0.4442804891419433,0.6227265747752276,Outer_Race_Fault,Source
-0.5599066102138016,-1.5555146076885993,-0.21507043651835914,-1.397354524180573,0.8209762876316031,0.7035885956264859,0.08356421089368705,0.8673170807401805,0.1039824715345507,Outer_Race_Fault,Source
2.417203568457364,1.5245047887695413,-0.6845282887329782,-1.5571375436542652,-0.3807343008234248,-0.04160872109903622,0.21319908241881388,0.5551538367951322,0.19357148481696587,Outer_Race_Fault,Source
2.970062088909923,0.7148796599999302,-1.1538530505225528,-1.8252399800755654,0.7132451730913837,1.1456118300009273,0.18228247071608927,0.8776666747304893,0.46604200840149873,Outer_Race_Fault,Source
1.2863064585861959,-0.9422894755786957,-0.8407839528699553,-0.9736917232163889,0.3873016119532109,0.49106835963303286,-0.3811741260632853,0.18144192508946244,0.8093095802662121,Outer_Race_Fault,Source
0.4730113852953083,-0.9257338288681454,0.45074757984652863,-0.8590243461896324,-0.10901026005476572,-1.115856028187405,-0.3509853791892406,-0.4367578165170128,0.023578106309259002,Outer_Race_Fault,Source
0.484605538800069,-0.8496091850612354,-0.5137035115434546,-1.690379679597761,1.0068574082831334,-0.18828362138935226,0.365892192055327,0.31020090828186087,-0.121761098047686,Outer_Race_Fault,Source
-0.17345481091505324,-1.2344543935805457,-1.262586731248392,-0.8319985808378505,-1.3209900865689208,-0.36660583414543724,0.8904353204074502,-0.4779561095825809,-0.13520678806740616,Outer_Race_Fault,Source
0.15040082783635375,-1.5061113787837264,-1.7173500902834882,-1.0777593562106138,-0.35175374632603573,-0.5004459441721241,0.7481618309038742,-0.3838430619133953,-0.17162026354284135,Outer_Race_Fault,Source
-2.3602376881586085,-0.02854214448479803,1.0514840109632817,-1.0120438351094396,-3.1682496719019335,-1.695405923482832,0.9688049384982352,-0.09440585358698918,-1.1318059269413379,Outer_Race_Fault,Source
-0.0705321209526462,-1.3032336060190075,-1.8408653656096983,-0.7360868458304289,-0.868121837738903,0.4913310463240568,-0.10666862640747383,0.031550660981094464,0.24363205266580495,Outer_Race_Fault,Source
0.02060457925995902,-2.3382404701623027,-1.7617033933941735,-0.6703859598847983,-0.48056255249980045,0.5677036157447335,0.4405669114919105,-0.451867541604783,0.21297972733140727,Outer_Race_Fault,Source
0.2665485513349162,-1.5338884596510143,-2.103791884246902,-1.2471518344125245,-0.39328135590554514,0.2889561557700505,1.0203904704034457,-0.23623734051606518,-0.07032414293980167,Outer_Race_Fault,Source
0.2704809989532146,-1.030127638625422,-2.2831279017073633,-1.1535264360505548,-0.5289352757272147,0.14120013770108594,0.4593195686313757,0.15684116231377662,0.47166826448094046,Outer_Race_Fault,Source
-1.2217766894316062,-1.8199722564419234,-0.788548126375575,-1.584654681945983,0.010503324957631328,-1.4551268126732322,1.1229925110079506,-0.11556505546412775,-0.6318435367758812,Outer_Race_Fault,Source
0.2665297168247755,-1.6634329222219473,-2.231426059060299,-1.2815577543803782,-0.20975373380742982,0.40757211135562293,0.9031336134362851,-0.20994379198814425,-0.11092452358317383,Outer_Race_Fault,Source
0.4021439916586552,-1.7578019473771287,-2.6783737277387205,-0.7668922155891129,-0.43730622779518763,1.0897470344890698,0.19512734026767697,0.025762883312138277,0.9138003759493577,Outer_Race_Fault,Source
-0.6580033780581255,-2.2962706075619557,-2.307650818662731,-1.0153402854240385,-0.35689057006996533,1.0668150729660437,0.7149203504735803,0.07469363439728677,0.21717558717805335,Outer_Race_Fault,Source
0.5348196003391811,-1.2363237583313658,-2.458578901314479,-0.8332869894360637,-0.935740567169446,1.529451724705503,0.13342151234954114,0.39116322316531493,0.5807058766709183,Outer_Race_Fault,Source
-0.0026316106485869237,0.7573193198439985,1.3442734139015329,-1.0393571065072407,-2.773324244975658,-0.9175750303349243,-0.20385452674719867,0.42182579999337555,0.08559006627145863,Outer_Race_Fault,Source
0.9998008175866627,-1.2798690285802938,-0.34852361914459645,-1.3327825750351425,-0.21964707693020757,0.6134395784043118,-0.5908400735973778,0.7760075673523523,0.738219208298986,Outer_Race_Fault,Source
0.41882898997699053,-0.3351763406424197,0.6457696375634372,-1.0950387851407,-1.5388421823548402,0.031901260777214134,-0.511903885232967,0.6859816455668113,0.34531625054990295,Outer_Race_Fault,Source
0.9476184014576488,-1.8094305937052826,-0.4316662937506638,-1.6148171502271458,0.6908015941177588,0.28869571834775165,-0.3003608599731738,0.5656220248920032,0.38074927867305736,Outer_Race_Fault,Source
-0.40025620379661975,-0.13496083221712288,1.970331557513736,-2.3420565234071065,0.37773197762733185,-2.300420851471828,0.33543008808539215,1.2154831436446951,-0.6706761686896243,Outer_Race_Fault,Source
1.2603621993501746,-1.1907862508447957,-0.6112191370917539,-1.475872082470839,0.7589582540384396,0.44136162244843785,-0.6361621883655653,1.0378544599337833,0.6868499588663094,Outer_Race_Fault,Source
0.6518614173634302,-1.0637659224236946,0.6919507026503721,-2.2858590400898753,1.1235746573067762,-1.6987627269314265,0.48174010058369465,0.652330958464495,-0.5963493909495896,Outer_Race_Fault,Source
0.6952261669957568,-1.2174358944015335,0.06409801492290272,-1.8163851016568582,0.8624739057242992,-0.2631759576524773,-0.18757834763962603,1.0894332312778623,0.21308221362995344,Outer_Race_Fault,Source
-0.27411349887368147,0.09503426007820899,1.6427605558185143,-2.4002259583396643,0.41312078558599813,-2.392633703186616,0.3029892736151533,1.2490938260676467,-0.5285187525685824,Outer_Race_Fault,Source
0.4409639925078362,-0.46573438045391974,0.849628458064528,-1.0747130640173252,-1.2838268734126865,0.19154064034251908,-0.2092117232874545,0.9471581042007292,0.2999755591198465,Outer_Race_Fault,Source
0.8419664852484716,-0.14453531357879254,0.06837416646956383,-1.2443900939383414,-1.035011051803097,0.17794364424751763,-0.27900773140950064,0.9711933690043528,0.6828595834123888,Outer_Race_Fault,Source
0.927511170656173,-0.7060497604608085,-0.20012717727560747,-1.4092026354721978,0.0981941305652893,-0.09772035167314554,-0.5385450604853395,0.9822134889701462,0.43040489665813875,Outer_Race_Fault,Source
-2.779067688744391,2.5920536785079666,-0.17307617203499026,-0.4363664464309891,0.10729127240224108,0.24833205342874504,-0.6949239619470527,-0.023706030048816145,-0.5723239702265777,Outer_Race_Fault,Source
-3.152609389740795,1.352438285642369,-0.05656465265209614,-0.4535992141996327,0.8323044108431856,-0.4103932544717563,-0.6384901283405653,-0.18106028815138053,-0.8859288050630336,Outer_Race_Fault,Source
-1.4093091415101389,1.8182877386095782,-2.071412118724679,-0.8861233913087134,1.6726472212831562,0.9201165780450482,-0.470615629462065,0.29157199619217256,-0.6350193614519557,Outer_Race_Fault,Source
-2.186680493404193,2.19800926322517,-0.07993301861895542,-1.4969168406241036,0.10895569057664257,-0.016222117135800018,0.29915737403411946,0.07032811150641542,-0.8221994223272927,Outer_Race_Fault,Source
-2.3348591607118308,1.960360239589912,-0.43372822217972684,-1.5851608519981004,1.74782028081025,-0.3372686162133819,-0.06685808617307225,-0.18998220083222683,-0.46329655633870204,Outer_Race_Fault,Source
-2.197148423483146,0.37670540095106125,-0.8954345733407958,-1.2105439884221794,1.9143984511243026,0.10636140879760102,-0.11835844687660702,-0.08170883691112697,-0.14746615397188795,Outer_Race_Fault,Source
-2.612205929169978,2.673757287895661,-0.5976682587353875,-0.11567051365560951,-1.2438499386946862,1.3814394235206386,-0.8046272555026615,-0.13291993755999154,0.20523086189154235,Outer_Race_Fault,Source
-2.323602305007738,3.312865133977911,-0.6404682738125277,-0.7687438879750291,-0.007293399611157492,1.2092566474634678,-0.5580938268187753,0.05722308193777616,-0.7659291617157994,Outer_Race_Fault,Source
-2.4051883677385124,1.4781550509915773,-0.17383942059137114,-0.899216869828272,2.415512238037224,-0.143918727122354,-0.16995881026916376,-0.4469550073722361,-0.22804699340764462,Outer_Race_Fault,Source
-3.31441885076299,1.3666334828929312,0.061996567783982784,0.009796969168051724,0.8471201802444871,-0.19930656880693776,-0.9272191617057001,-0.6760174990978765,-1.0036639238087781,Outer_Race_Fault,Source
-3.7156184949103377,1.7753440447646653,0.18845477791445467,0.3841055718689297,-1.1057066985582322,1.3808182003194722,-0.5248809635321715,-0.5569738115739747,-0.12946261837751943,Outer_Race_Fault,Source
-2.613747097682494,0.6220763569372988,-0.7607096355465051,-0.40426529754780127,1.6294328008312473,0.575931341870311,-0.5059202546420354,-0.65477968475034,-0.4731590155573918,Outer_Race_Fault,Source
6.9427738760277915,-1.307959395961963,4.587720067446105,0.5257213607153302,0.2771726852382323,2.307746006666514,0.8720590062861616,0.05810037334709136,-0.18852439820135647,Outer_Race_Fault,Source
5.843953553417136,-0.01861054428475671,3.311444020609266,0.2589890619778354,-0.07480965597171702,1.1122941992327342,0.20903749013343875,0.13729874602336425,-0.31251422969947346,Outer_Race_Fault,Source
1.6589535621803373,-4.2814898567769974,2.627386974581593,0.6545805182349752,0.7910255476189654,1.0822066773143928,-0.6379352618631794,-0.40193207134248704,0.3980795230379518,Outer_Race_Fault,Source
5.172144640855801,2.1082627990143354,2.077409453387297,-0.009910044534787518,-0.6439346703487274,1.2676015318802538,-0.025208778579699078,1.0756718120632978,-0.1830159056215654,Outer_Race_Fault,Source
5.646314366040909,0.4243671589731451,2.6708527465067426,0.3521230128353901,-0.20966416626736492,2.1651412511586043,0.2744954226167187,0.4027631317344118,-0.28110240568204703,Outer_Race_Fault,Source
6.069374402029933,-0.6647757231354103,3.5669431867540395,0.6161832305601479,0.7947832018295444,0.9398569145788136,0.4281947734549947,-0.44422116017410307,0.1230590464008522,Outer_Race_Fault,Source
3.4170906481979766,3.4578484091201984,6.917098161081775,-0.0985112949061808,-3.1571608896126135,-1.2238759747220074,-0.1093613147821454,1.8093822175219842,-0.799578334028889,Outer_Race_Fault,Source
5.95131039313959,-0.4335811609954216,3.6358655029294096,-0.02737965703630049,0.5235320517185519,2.173578135669441,1.1388583359485611,0.5851764101777727,-0.31613801505080874,Outer_Race_Fault,Source
1.0630250656043407,1.1605603704331462,10.249831456966856,1.2505401077839313,-3.798126543720318,-2.51436849926332,0.6876154337980055,-0.08043584004829317,-0.9724708617276108,Outer_Race_Fault,Source
7.3618908544608175,2.300016979647749,1.9312032936963202,0.33984647514254174,-0.18119929520379255,2.045475641260388,0.5336303321109591,0.18787165295504696,-0.2678080456413584,Outer_Race_Fault,Source
7.578220802523858,1.8800137465666302,3.110082234104157,0.4204958109297044,-0.7472157694986051,2.155633735661513,1.1169678084567085,-0.15269406854504,-0.6560647363844988,Outer_Race_Fault,Source
5.144054147428492,-1.7600440250068206,3.9270091629034782,0.7503828195805653,0.43618494340692726,2.0306678532323676,0.4707905069408701,-0.1780878990378882,-0.27562410830471895,Outer_Race_Fault,Source
-0.49479579615535696,-0.22946622268836947,-1.595732962548179,4.390059640822274,1.0756567253235447,-0.0835955570163419,0.4477073182112569,0.27930089468596464,-0.21834736052813053,Outer_Race_Fault,Source
0.3895175982497744,-1.066942714327103,-1.5105749201905039,4.747231066414704,1.301766433484008,-0.25019470960340967,0.05817785760190004,0.8929488241772733,-1.0854497754167036,Outer_Race_Fault,Source
-0.7818568297544272,0.9760058479104767,-0.43477554205627483,5.7644379854826315,-1.7445341739319808,0.09806028323282426,-0.5908431286712267,1.2372238082670286,-0.8664107059918927,Outer_Race_Fault,Source
-0.33534676028482846,-0.46727204243209614,-1.3182729607250219,4.814967940791924,-0.03866996304955447,0.31508302952189854,-0.596525689056888,1.0297565549749554,-0.5143125776367911,Outer_Race_Fault,Source
-0.2526749094449435,0.5430235413065603,-1.788310993231698,4.641158773741966,1.669897146894762,-0.3193152571156814,0.6842211953267539,0.8810066130637207,-0.9272839334325499,Outer_Race_Fault,Source
-0.5437696842989018,0.5480097423618789,-1.7144694425099873,4.846136446479489,1.166467895485603,0.08062115016102207,0.3939920170460811,0.7813481909185479,-0.8256310716568617,Outer_Race_Fault,Source
-0.534901093621965,-0.0639107994782559,-1.3354101314757514,4.026283443400659,1.044897387167525,-1.3409749019185113,0.609184786180365,0.5197253586173018,-0.8789166856113633,Outer_Race_Fault,Source
-1.8011914091852699,1.1990736287660644,0.9443950630700597,4.555721703982994,-2.388784967510242,-0.7832597052221302,0.5419531273293622,0.5170184454369668,-0.6948638943042463,Outer_Race_Fault,Source
0.5803246325823165,1.2774423703085203,-0.6460282263303356,4.4015800618773575,1.0039460999485579,0.42673144581251055,1.0299790448728592,-0.2718518066076511,1.0283409318556596,Outer_Race_Fault,Source
0.5459892032973389,0.04687387941968506,-2.0091977624364232,5.238833402499433,1.4814002230402794,0.3832998393905532,-0.24054587499324712,1.1423238326523,-0.9908796086473265,Outer_Race_Fault,Source
0.45876421080626484,0.7933292666934354,-2.381041213621008,5.2150537734564475,1.042352502549166,0.4011739793531249,-0.09738043715421665,1.3002647184151457,-0.8974758259854,Outer_Race_Fault,Source
-0.655733833941932,-0.024604202736258237,-2.023776703069935,4.726796405932508,0.09796801488996654,0.5296330208724949,-0.20749518288238383,0.6720333248576358,-0.6560706781956742,Outer_Race_Fault,Source
5.185469390663588,2.087845102383023,0.46885652017731777,0.061890716386641224,0.6889170279818664,0.9412858804665902,-1.6188332401827932,1.2220807242924558,0.23496339967868143,Outer_Race_Fault,Source
4.158258596445819,-0.21326412211419907,2.235488911222985,0.35382490923169835,0.060100316651841235,1.274436506368966,-0.7098151292893862,0.38617150489772956,-0.1457697283707154,Outer_Race_Fault,Source
2.5151469064622933,-2.16502938181247,1.7397554961484774,0.6257821299098646,0.6611312667612258,1.3934551070508907,-0.442393678844367,0.9903638996346942,-0.043550053666274645,Outer_Race_Fault,Source
2.2532599428607685,-1.909096409310224,1.8515485509859297,0.33714966273099617,0.7500800766684443,1.2307084842758327,-0.8211847281652871,0.12662376102895967,0.2165682763741037,Outer_Race_Fault,Source
3.978369293302475,0.29905135652777814,0.8840886849241015,0.23149260824421927,0.40015087262579596,0.6637432964210058,-0.5489627622555516,-0.2912864082647533,0.09603604980159737,Outer_Race_Fault,Source
3.4377888789946667,-0.7875660209868033,1.5872961671873422,0.45737519815996974,0.12802088079555085,0.8659578182023527,-1.0426681609167103,-0.01471428943777916,0.37745282459968355,Outer_Race_Fault,Source
3.4263639873876257,-1.3337934881658524,1.8446922970709547,0.8086268528729491,0.6136493316070916,0.6326619041569519,-0.6154775199431693,-0.46054318119194376,1.2524765898979622,Outer_Race_Fault,Source
5.366058603191276,0.005785699505181229,3.270890528084396,-0.20117480775006819,-0.09059499005064846,1.8411379552745488,0.09787473135559861,1.279628234002241,-0.042435598232253846,Outer_Race_Fault,Source
4.977513020859085,1.8422265983502286,1.8771773765703768,-0.37791025983336957,-0.898456609042181,1.3684531872510497,-0.59588344223342,1.4503583421783863,-0.28211355865533555,Outer_Race_Fault,Source
3.283043363633529,-2.0154367682223864,3.9493629010194597,-0.011772915816774521,0.9169807082649043,1.8782232203204154,0.4146542423467909,0.7506321090850219,-0.2805792166080307,Outer_Race_Fault,Source
4.7454322077369095,-1.4721151315606626,4.982768227726383,0.10060126725011433,0.2965251085345138,0.04574437792122099,0.46697921495284617,-0.29125900797274806,-1.5405310054461785,Outer_Race_Fault,Source
4.726052568217885,-1.0595330993161196,2.5699281119944555,0.5198780811022119,0.4511025380977978,0.3101782501870715,-0.7763745317969242,-0.24663936638041697,0.08948737638836238,Outer_Race_Fault,Source
-1.447049081656479,-0.15735311686034614,-1.7443925202974784,-0.35005564755430846,0.37929838989936665,-0.8813874644085751,-0.6336352308711422,-1.2958206824621368,-0.1770983568552941,Ball_Fault,Source
-2.102182771579729,0.3512199777431477,-0.5980226964364561,0.03905352931333963,-1.9389954199077208,0.19649319357254993,-0.12046197638757153,-1.0116365858464211,0.14962000416195642,Ball_Fault,Source
-1.9221036749550855,-0.943898334099823,-0.9271470436898908,-0.2825531466962029,0.46689157350614485,-0.36380119257392945,-0.0650806894925203,-0.712485991322021,0.07962835745885775,Ball_Fault,Source
-1.7562225892985326,-0.25844365721275964,-0.8300221808670042,-0.8422701888132046,0.5823507626268598,-1.533255351619629,-0.25131571879353104,-0.30041511116640496,-0.6311625347497186,Ball_Fault,Source
-2.4250834460207593,1.170500206867123,0.07007432692620535,0.7646250136496899,-3.7563968529721308,-0.5173838484194963,-1.243995226178872,-0.7812723230698171,-0.10092118070344544,Ball_Fault,Source
-2.4512695096840478,0.41990211223616075,-0.4660340848180942,-0.0824934547799969,-1.189873851569345,-1.2523261391005767,-0.2230879057042856,-0.8279680763064331,-0.04113501721930805,Ball_Fault,Source
-1.2491678723455002,0.39646820398161764,-1.6637012034538683,-0.417374123063694,-0.2347656484998467,0.15274104832497418,-0.25987002137415627,-0.3523303833613837,-0.11039124901444182,Ball_Fault,Source
-0.7923583283274948,1.4998968473130314,-2.1749508180210433,-0.5553439847117273,0.12072506688727248,0.20870184453992585,-0.3823120556214849,-0.12215719712269874,0.31596777975239654,Ball_Fault,Source
-1.1516095690313393,-0.0013696424027208564,-1.6132479213751114,-0.5524755083474576,0.5431239552180723,0.08645502739496762,0.19625671526601346,-0.5662551066097236,0.38387608812925006,Ball_Fault,Source
-1.7572861769663963,0.6818184790041573,-1.4173244844503095,-0.15287794387688178,-0.12436220060675732,-1.1686782958367599,-0.6913504141384754,-0.30711266027385514,0.0007016047724902084,Ball_Fault,Source
-1.3046031000828586,0.014687321990177298,-2.204668722407723,-0.0763323508401658,0.06813134363266675,-0.07051496304398175,-0.45669091236637416,-0.26440360498004073,0.15476757282693626,Ball_Fault,Source
-1.2593161042927037,-0.0031966536051847307,-1.8752470710656637,-0.01704509254158457,0.5670013549428249,0.30634870238495215,-0.391476565879227,0.024137098365850453,0.435129584611802,Ball_Fault,Source
-3.2526104173848385,0.019991470948380007,1.0374510638582313,1.6275861604923199,-1.5036606924960607,0.11798459310947258,-1.1783157765180956,-1.0541762445835037,-1.180406742167445,Ball_Fault,Source
-2.8969913623011316,-0.4840186727384127,0.702365407887491,1.4893226594844848,-0.5345497714023645,-0.6105269738892306,-0.5902360382343662,-1.181967212242645,-0.5165019259688384,Ball_Fault,Source
-3.429717892521477,-1.0973317550187034,1.388290302064745,1.5239274130808866,-0.8523857817678284,-0.19013686587262377,-0.666573001803022,-1.023620455024044,-1.238432759823848,Ball_Fault,Source
0.7097516846116376,4.082096120052914,0.09490927597050636,1.4403276126918467,-2.2777923264197435,-1.0098645112864997,-0.7353613730739578,-1.4304892363860255,0.25349937475731277,Ball_Fault,Source
1.2845200424928158,2.355162167894504,-0.31517184912601764,0.5054947929932133,0.9133626067532058,-0.28426489585518067,0.42854430185447173,-0.843258235893842,0.2797930153851746,Ball_Fault,Source
-2.434830543187195,0.9963428282737795,0.6107065235401996,2.717776298728029,0.4688641771015912,-1.5366793405146149,2.2661859886790836,-0.9433496966773902,0.9410445778762936,Ball_Fault,Source
7.268768898472156,8.110063779681845,-3.687748322432705,-0.4798517139421123,-0.09296308300463693,-1.292786667980776,0.8018229193625249,-1.066618078127519,0.1473765679665731,Ball_Fault,Source
8.252948367488292,9.898441407000655,-5.819690094132827,-0.5438465446492065,0.24888126992191278,-2.1689793168584055,-0.4509844141567927,-1.5480142580033998,0.7585645369987836,Ball_Fault,Source
0.42856393186943315,1.1433441575129293,-0.007657542216861294,0.856290419550395,0.6596930143722374,-0.09760537421491668,0.03779852023989551,-1.0563698093416811,0.42530090273323734,Ball_Fault,Source
-1.4754177492040055,0.2185574092023395,1.3976034144921872,0.1565062548958494,1.2611802421144538,-2.068836280522338,0.6476492366899307,-1.0528291773512817,-0.09990732374648983,Ball_Fault,Source
-0.42543385635296654,1.0342888601295104,0.17037549252968195,2.1496084080274267,-0.8707359673836592,0.4133360033800433,-0.18938043314593286,-1.5071195229612488,0.8343816933183301,Ball_Fault,Source
-2.029848672160758,2.304595080854754,1.590077035046285,1.9172514847590145,-2.248825835871656,-1.1723403665314005,-0.29291693693037035,-1.0771957800110263,-0.14027353731581704,Ball_Fault,Source
-1.199610999721542,-1.1050013164147119,-1.6790658938696557,-0.8376128962734523,0.47607321526309127,0.34077248985483816,0.40037642056157946,0.040359524086713644,-0.4138908887501324,Ball_Fault,Source
-1.743084928446158,0.07201470160274469,-1.21497196387909,-0.5175226935599158,-0.9327885351333272,-0.3556209365976231,0.384110952578108,0.03301111864884502,-0.06885077055152668,Ball_Fault,Source
-1.6774968375987678,-0.17506974156003263,-1.7659751256665743,-0.7071834194645862,-0.8122077722357711,-0.37668461942622244,0.29189379899804563,-0.010692423927729634,0.2517211297558131,Ball_Fault,Source
-2.6769302053891315,-2.4284007713589597,-1.1253265779421429,-0.5169265314558872,-0.5080795429366641,0.8111698035091035,0.6999806575038509,-0.25683084598918166,-0.09435860394373115,Ball_Fault,Source
-2.8536480865387266,-2.1674289907157887,-0.12283959953065024,-0.7092802490587651,-0.6476154557110776,0.25413423820294206,0.638470675133659,-0.25263957074103915,-0.7523718556948308,Ball_Fault,Source
-2.908182972796044,-2.4248977316470914,0.025633323696174465,-0.7776012189368976,0.14055523966090483,-0.21504285732803555,0.373961212863998,-0.3352798346399785,-1.095760145553137,Ball_Fault,Source
-3.0852995083848445,-4.169022466797723,0.3915250549330168,-0.5550359114378931,-0.02869947655740852,-0.26050955082227734,1.2748037470427407,-0.4571366965152633,-0.5849894709221998,Ball_Fault,Source
-3.0889957459177655,-4.556089048942728,0.14338686939683237,-0.47765248158511103,0.23181456566869998,0.3713092663731016,0.9139100176497665,-0.3466250806790123,-0.6213532235604688,Ball_Fault,Source
-3.587272119699073,-3.8094043007349816,0.6303523537207454,-1.3750350593950982,0.72782026733231,-0.829812038478823,1.5116795431527876,0.050079798115804104,-1.0252152573448563,Ball_Fault,Source
-2.7993896577968753,-4.676275541079543,-0.23482348587012458,-0.08693389229217392,0.028308653022892653,1.0388205671887885,0.7902348931521274,-0.24569293427054054,-0.2928732581726236,Ball_Fault,Source
-3.3142341285125076,-4.223988925567251,-0.08615028291506929,-0.13549650987883216,-0.564658429828833,0.8027164371621962,0.9991947318685497,-0.22256270785072313,-0.35437734977216073,Ball_Fault,Source
-3.4042821087077817,-4.843934987607526,-0.6859963770509337,0.6657036111409234,-0.5163564474854022,0.5828207846355049,1.3724977940221958,-0.35510677190834566,0.027406956083618893,Ball_Fault,Source
-0.9441451309046899,1.6250576276710942,0.5285270285386926,0.8613671813859017,-0.7099389620126055,-2.020646416913219,-1.6874383758273088,0.7493454135778217,1.150740122153087,Inner_Race_Fault,Source
-0.8699197750872275,0.24852202459062972,0.46051809978915365,0.38129694286869825,0.9083388916399253,-1.5854879114519704,-0.9922457587878905,0.5842121088419401,0.640524254504633,Inner_Race_Fault,Source
-2.23300357998566,3.072350344793367,2.1218816345811025,1.040112574596783,-3.12655464372399,-2.310383210341848,-1.4942166232428706,0.8767480916397085,0.46991751944757404,Inner_Race_Fault,Source
-0.2798118161933004,1.051871587208083,0.45040724827863154,0.1376754422341671,1.7458731609380658,-2.4000061643024733,-1.1865305457412985,1.2767106510605852,0.7984408699653215,Inner_Race_Fault,Source
-0.6937305357521837,0.811964298036034,0.8118414211038089,0.20027279027316972,1.8259995924172934,-2.547179183683499,-0.8385406690210856,0.912631070754386,0.9685992737159548,Inner_Race_Fault,Source
-0.06218720562416317,0.5291999559462071,0.21119424032076198,0.3306367020118935,2.324797826834635,-2.043971090359479,-1.0737059701404847,0.9810077016896118,0.8655732549550383,Inner_Race_Fault,Source
-0.11009803583587004,0.34156078251960187,0.18801856788292687,0.17132920558708997,2.138183975042786,-2.0242791914557894,-1.094335791364249,0.6940995776315636,0.7350313057472732,Inner_Race_Fault,Source
-0.2598189880658067,0.7272142603110231,0.3149144611612796,0.3713076558194603,1.4100649655096984,-1.8417680156082756,-1.2043221560316564,0.9264625196594694,0.8809509285974996,Inner_Race_Fault,Source
-0.44146948007621734,0.25112072519891643,0.6782352940977044,0.396809245182995,1.3545381743470954,-1.6740156249960503,-0.7614470175905279,0.457622683040191,0.7577071538999578,Inner_Race_Fault,Source
-0.505443654095629,0.5473518985735774,0.18132709747492923,0.46121512290328043,2.2056889139118,-2.3448607426000323,-0.5949150139597171,0.6615985586194932,0.6187870542669018,Inner_Race_Fault,Source
-0.48428296859389613,1.2991108413804118,0.37449062026758856,1.0351349719404914,0.5468784292234693,-1.7634587890325901,-1.1704371408209464,0.8655854980094613,0.6851633614209458,Inner_Race_Fault,Source
-0.3554092251941511,0.6627724022208007,0.04053249656136876,0.648310043540758,2.1184470586205797,-1.9437980891681403,-0.7352635064547053,0.8074068770946443,0.3131236310314521,Inner_Race_Fault,Source
3.2128061094735836,0.84702737185495,-0.9865839544713069,-0.21681990259943482,0.013287338782571123,-0.6983728330910642,0.07249476007472601,-0.6298180016095309,0.20115248571343886,Inner_Race_Fault,Source
2.820413278897807,-0.0837771620509262,0.8455912667769339,0.07919741612779327,-0.27211065142655944,-0.7112670431329219,0.42292835737479406,-0.6111211909681051,0.29600009808215105,Inner_Race_Fault,Source
-1.4119911235800975,-1.1950175721587641,1.0412448423096645,-0.1455187833654099,0.6935650280698336,-1.2124198830696238,0.9423720742791007,-0.1948685330998358,-0.35520151294851904,Inner_Race_Fault,Source
2.131513885044721,-1.5435517340967737,1.1077645765916713,0.2609185622665557,-0.07976387684322798,0.45064184770610066,0.3500186984553629,0.04499381349058014,0.5086479413058109,Inner_Race_Fault,Source
-0.10874390148539202,-2.1167778847703693,1.0209166153810831,0.37470329685719317,-0.6204902594193478,0.06103749327988433,-0.2269654917898618,-0.008095168398829147,0.199216926764173,Inner_Race_Fault,Source
1.4419764826995847,-2.526651081331363,0.9799045475300442,-0.01886210406853412,0.5660797080347715,0.15856544769204253,0.29392757130028163,-0.09565691264388178,0.1362008988872812,Inner_Race_Fault,Source
1.625329040035524,1.116783707133589,3.0599127237056107,1.0719701469744307,-3.142984537999455,-1.2197963159157688,-0.6066178225154983,-0.07447531744942044,0.00832751130008344,Inner_Race_Fault,Source
-1.37119711915015,-1.8416837735261729,3.964010388333345,0.030238612558701902,0.1307466446010991,-2.727919660504983,0.26960532987524816,-0.17252558906514837,-0.7047079242854976,Inner_Race_Fault,Source
1.449956043091357,-2.144248990083629,2.3933451683186866,1.1007967936015062,-0.9364956736222636,-0.17052739742112705,0.3261083034012912,-1.022356462903333,0.47682185961020734,Inner_Race_Fault,Source
-0.5777702321808665,-4.118887184943482,1.5824973786924041,0.3854748743112125,0.8926510917446796,0.18001580114777513,0.39621814349857687,-0.7319094996433139,0.07770791693089767,Inner_Race_Fault,Source
0.7296402774756616,-3.3130903417362205,2.497358941269441,0.731077488843391,-0.021932658784848055,0.17479515418721478,0.11735051525157604,-0.5594390104274956,0.022273953166693554,Inner_Race_Fault,Source
0.6697401585090633,-3.2194322170509677,2.633682062184087,0.7881260693244765,-0.3066836065949242,0.4610244279503644,0.3329879543675659,-0.5109671763881238,0.18531026081340915,Inner_Race_Fault,Source
-0.275497013140084,-0.8796669376197677,-2.0745622620561783,0.015066309445072108,0.2951213528630618,-0.4253553414753397,-0.32637555150765485,-0.24597765252812023,0.2805961755967497,Inner_Race_Fault,Source
-0.4154174743824367,-0.012142696013675357,-1.4897172145549453,-0.5741066955976352,0.9681301736966681,-1.8562816147418952,0.2502311648495999,-0.01892497163195784,-0.08631739826431722,Inner_Race_Fault,Source
-0.48667872227375863,-1.527038723118083,-1.3433225982179662,-0.0323912599444503,0.9640481179503979,-0.2766466363029356,0.34185918325654435,-0.21032519848421205,-0.18208952620646288,Inner_Race_Fault,Source
-0.7821122671694544,-0.7302614956164439,-1.9956195422825365,-0.44181211519713465,-1.3711241235996856,0.9383035792913597,0.33751188525880915,0.10166529015227768,0.27943420196563856,Inner_Race_Fault,Source
-0.7739544266346337,-1.1818427166282972,-1.9917734375122855,-0.9055074428528457,0.5038623707569028,-1.0494658791421958,0.3922528099498421,-0.1290974438601561,-0.14098848624815552,Inner_Race_Fault,Source
-1.2871314312513977,-1.4303381212340898,-2.0203702624137985,-0.5257145048003644,-0.5834097873841677,0.8508248594573727,0.20750450252697203,0.3300909037482717,0.2976900619373273,Inner_Race_Fault,Source
-0.758673435652547,-0.9245067197630743,-1.4413564511557975,-0.6898236436909739,-1.4912583165483149,0.5137978618269362,0.8405130928002102,0.09271775597169993,-0.254148457901485,Inner_Race_Fault,Source
0.423271347616944,-0.7586958882151054,-2.5104431018334856,-1.1903466836175474,-0.48863245660967575,0.46477575536357424,1.149966211688583,-0.10955755393769329,-0.28039164570187375,Inner_Race_Fault,Source
0.4550985256423402,-0.058733594761399735,-2.7374362916668256,-1.0211044212378766,-0.8503884081670722,0.4123595474961992,0.583451575543659,0.1261532509086338,-0.02654836169942491,Inner_Race_Fault,Source
-1.0619131916549778,-1.7528099653941096,-2.414510362720294,-0.7332735236819488,-0.7748384927246904,1.1839517685787742,0.6386573423361853,0.2518655864169396,0.31007959573408794,Inner_Race_Fault,Source
-0.930462125553275,-0.9594624821940881,-1.4544881439399855,-1.158463121898582,-1.052681434048684,-0.2698213820381204,1.2986098466187983,-0.03401960031374109,-0.6640464603900239,Inner_Race_Fault,Source
-0.5509106194310384,-1.3897293371343742,-1.8541926806145514,-1.0023240417419572,-0.3068701176942131,0.21144749494040183,0.8914295382822589,0.13978923584204533,-0.2625894896338403,Inner_Race_Fault,Source
-0.22802295817658316,-0.2422034432780428,-0.6190747799971235,-0.822863805498045,1.0438758787365052,-0.9734239400767306,0.4190692040989228,-0.48220990972017536,-0.33455146428151095,Outer_Race_Fault,Source
-0.40265847317594117,0.7917291146972664,-0.4189408470411553,0.1988631586245888,-1.7408205331539615,-0.5748240035103322,-0.40088677124773286,-0.5451752685045641,0.3762938133301084,Outer_Race_Fault,Source
1.3970243672258296,1.7154990004471158,-0.7740773272067014,-0.901677171228649,0.2572501897366101,-1.1451558236794899,0.023221119856560415,-0.08041422605260115,-0.24394635837098125,Outer_Race_Fault,Source
4.515677913223498,0.7752897014809701,-0.817953982045247,-0.4741863208826355,0.48503078358773183,-0.5572537415323651,0.482652446092586,-0.7934588597498564,0.22966640332174584,Outer_Race_Fault,Source
4.0088815678502545,2.02952730338691,-0.19831876650778058,0.046952886080569495,-1.3608625443803668,-0.6645658687993868,0.43103036567289316,-0.6494057816974846,0.3309538547488045,Outer_Race_Fault,Source
1.0768116302874475,-1.0642882703729228,0.4085133268460551,0.07700728405592833,0.020370404998673666,-0.5835231320474468,-0.030485114108984506,-0.3513353743703055,0.5662986277349307,Outer_Race_Fault,Source
3.9808552149059784,0.7192473275893473,-0.1219010699945758,-0.47937068017956275,0.08858258874040685,-1.1590218506027414,0.7615495629055652,-0.6679706882928884,0.3734800968759994,Outer_Race_Fault,Source
0.39699135446147776,-1.1698420373529956,0.38593647078561744,-0.6717653380345537,0.7735846733109486,-1.1704311595455492,0.056507856067026525,-0.04326437550320112,-0.2257355960852273,Outer_Race_Fault,Source
0.7135601128435285,-0.042526056307810874,-0.6951325123008947,-0.569989630613031,-0.21017593592005102,-1.1631807340991602,0.08312417832561106,-0.10079984907623168,0.4816938979184979,Outer_Race_Fault,Source
1.6155232055422857,-0.8277173701517007,-0.08200109154023413,-0.02570034123549428,0.9017530295529226,-0.7995707182355171,-0.033025035074068614,-0.755321984323862,0.025509341886931016,Outer_Race_Fault,Source
1.6089412883946221,-0.5524219621300551,-0.28435903644796684,-0.04272059540927235,0.300972419749838,-0.43679979721493406,-0.023255241855717142,-0.7434131981900469,0.2145699446035977,Outer_Race_Fault,Source
-2.0479624785496546,-2.2977149798971555,-0.5662350789336152,-0.4459290494446547,0.5167446461314373,-0.16328939075518448,0.15881493380960202,-0.23339263222607606,0.041087936670351176,Outer_Race_Fault,Source
-0.5314813144944787,-0.5649272577392743,-1.06297888542432,-1.0295084886525,0.6799299497687268,-1.4087867265110936,0.09484987059974014,-0.15891781397633628,0.39529012046115236,Outer_Race_Fault,Source
-0.09224221226039979,-0.16551406719188533,-1.2959243502457858,-1.439931914033933,0.5952138533703714,-1.074631604394602,0.9019303038960209,-0.1350704776313304,-0.05219823729240769,Outer_Race_Fault,Source
0.23871276826815513,-0.1023645150742874,-1.7352683174559536,-1.187005650854117,0.16485523112679834,-0.6245581183110079,0.2031892332511108,-0.05439361040468995,0.30352645000942474,Outer_Race_Fault,Source
-0.3775956462601468,-0.4411772619106766,-1.1275632226109382,-1.0367700319434616,-0.5332562541495942,-0.8232612267452519,-0.14829457204136715,0.10307935391579898,0.28971352690033547,Outer_Race_Fault,Source
-0.47356871139201645,-0.014399173686801334,-0.884488752839776,-1.6641664243788514,0.27569750580770663,-0.9074495325312838,0.15110689755117387,0.39680405492814047,0.26638026659094377,Outer_Race_Fault,Source
-0.9396527897308026,-0.6689386098314513,-1.2845505177850354,-1.6452476468942743,0.8319570665152132,-0.8143400569562957,0.4632297993778622,0.3838687122395642,-0.17930871732145895,Outer_Race_Fault,Source
-1.336811646146023,-0.018689563491648364,0.42960146462747767,-0.8847081952745269,-1.5266605804271742,-1.3466776171564947,0.15852051396702865,0.22227351666602185,-0.28956561211053367,Outer_Race_Fault,Source
-0.8233805563790056,-0.9707538750578281,-0.7841597142254711,-1.3447961757594071,0.3434135644065244,-1.509370248956695,0.21015662325009274,0.1438651514622704,-0.09924696631373552,Outer_Race_Fault,Source
-0.24979527310109315,-0.6363473555364936,-1.4161173691156654,-1.2124058700091502,0.18211357844966014,-0.8193585140768046,-0.002502391739668856,0.27484242013881266,0.3224380924986952,Outer_Race_Fault,Source
-1.628225737099947,-0.39197576056640965,0.05869115624281085,-1.097833590330503,-0.8534820439383184,-1.485320707777279,0.15600951587395687,0.16582988892112274,-0.3925471995695879,Outer_Race_Fault,Source
-0.19055163642767986,-0.6669218921940402,-1.7707774626531692,-1.5906065003302772,0.41524071424637754,-0.46647203417718286,0.12755148111158368,-0.0934903694964692,0.2031984449636477,Outer_Race_Fault,Source
-1.5833197965306371,-0.11782838900916423,0.5550696739456417,-1.4223994850743162,-0.541362079177386,-1.9226279346341661,0.5873266885856777,0.4364169135347899,-0.35331770667191986,Outer_Race_Fault,Source
1.2212830524645217,-1.1190168627234782,-0.9318533923868493,-2.1870646292585882,0.7418750187817318,0.21812182885186715,-0.14335435237883387,1.0960681835576602,0.40721352216314055,Outer_Race_Fault,Source
0.030767352247018567,0.7046186477654992,1.1709094521752068,-2.1643129794529488,-1.6748418980258832,-1.171624755570797,0.5090242329199203,1.0536708760146314,-0.6406211310230043,Outer_Race_Fault,Source
0.8888262232361671,-1.5204731075694604,-0.5133161010288088,-2.227078209732102,0.5409167635085703,0.23305653008571958,0.41726705345406007,0.8894813524906321,0.1262989023929756,Outer_Race_Fault,Source
0.2688013957689559,-1.76427675394404,0.14461405679500536,-1.5335764719860967,-0.38981344610045876,-0.05069055778703871,0.007934383151373672,0.40706308423294374,0.12099599923588854,Outer_Race_Fault,Source
0.31888941434068674,-2.386570363106792,0.1580607934175774,-1.9661422942944196,0.4915941687917034,0.3974179449723874,0.42402211290645886,0.8093420926313906,0.1243373381809131,Outer_Race_Fault,Source
-0.7498461353915341,-0.2969325611838746,1.8078456347629377,-0.7682872947744616,-2.9856583706060067,-0.23164589301812274,-0.3790956229382695,0.5908297367065515,0.14550534780278204,Outer_Race_Fault,Source
0.9277188440107869,-0.8672458850617655,-1.082692762465177,-2.159259213391796,0.2444517097935593,0.1327504405933767,0.11335301865875558,0.9209992261928317,0.3431649919219021,Outer_Race_Fault,Source
0.6894139238925608,-0.5273024866283595,-0.1950661853241543,-2.513805799878501,0.9862174693409146,-1.2385747294298837,0.2519194872061083,1.1889749591748058,-0.05323281451395821,Outer_Race_Fault,Source
0.7302683658887378,-1.4262407222942814,-0.0915572378497496,-2.3055856181624064,0.48607854021311403,-0.3260484670743614,0.8093361461150721,0.6683732022728683,-0.3397538123944456,Outer_Race_Fault,Source
1.584971318673699,-0.4075710754585976,-1.3367934324250466,-2.002529361710179,0.14929165999315205,0.11110364665541296,-0.08159351651385346,0.8690710103739219,0.4685497655504323,Outer_Race_Fault,Source
1.0974560103051172,-0.6392442415948613,-0.41590256230884276,-1.7186734553160645,-0.15347853667886976,-0.017314884460435647,-0.22826437576952563,0.9385152220662162,0.24197260985215596,Outer_Race_Fault,Source
-0.026652320293651655,-0.8024678370369719,1.1443732407343503,-1.8432015716519312,-0.9020525560194588,-0.8599368939717714,0.6689262179343283,0.6141041837588783,-0.3708173295952475,Outer_Race_Fault,Source
-2.0160982216625527,0.06607929496281108,-1.1002324399444736,-0.12003280282714518,-1.2569260236709292,0.9585815345364859,0.8103529031087064,0.08172121986430658,0.6122914203714925,Outer_Race_Fault,Source
-2.278543706827776,0.7814858110404568,-0.412636973233397,-0.03907337160397114,-1.4511493373201023,0.38174169951158315,0.5751941516991729,0.08573117622236694,0.1664240666162399,Outer_Race_Fault,Source
-1.8315235149115272,1.792131048126571,-0.9797399358428459,0.4979325501787578,-2.9619909899131094,1.3054370481903177,0.24360904486358098,0.0880393242658111,1.2056970553738098,Outer_Race_Fault,Source
-0.9594279489134656,0.30673729044851655,-1.2294507152905942,-1.0220532251127636,0.9998957937014185,-0.7550349841517234,0.46293824778028947,-0.7224409794632444,0.13635186464175814,Outer_Race_Fault,Source
-2.180991346114325,1.1765341459517897,-0.28055628289911944,0.16265551399726955,-2.1284188831604527,-0.05198570044583874,-0.6258890198252328,-0.6926512485178038,0.2853374956128937,Outer_Race_Fault,Source
-1.191761659418942,0.14929747450647268,-1.4191658930490187,-0.3767436390341346,-0.23248750100627255,-0.3426057450759874,0.12491954972020888,-0.8216625974634494,0.6000072339673866,Outer_Race_Fault,Source
-2.3759674142944114,-1.0847668580097936,-1.4336852314160489,-0.6669575216030947,0.16861578412261866,0.1886781473898984,0.08311581076378462,-0.31750028950301956,0.2591203863742197,Outer_Race_Fault,Source
-2.753021609242008,-0.37947961913725725,-0.4587557494692445,-0.7571087276772152,-0.21477548509500824,-0.6241133812502944,0.21776717471790294,-0.41598008467743774,-0.07459369048507809,Outer_Race_Fault,Source
-1.8399511328172373,0.4020879600911024,-0.600140832276958,-0.2698601296774949,-1.4096530454409197,0.14686305252138207,0.016598699839118443,-0.26510834672003003,0.14720086083066589,Outer_Race_Fault,Source
-1.9889566331760624,-0.14883113798415504,-1.2805410316081576,-0.1362693580352633,-0.2891428595980813,-0.33164695054573073,0.09758406679444762,-0.7439089121451716,0.2015686469925774,Outer_Race_Fault,Source
-2.416039086051052,-0.468225206027279,-0.83767874506793,0.04491772858462478,-0.7503006990333555,-0.08626375196350188,0.1491235423019652,-0.6787818390819083,0.560653687081728,Outer_Race_Fault,Source
-1.3551401607181646,0.33582192024674296,-1.4797780564419787,-0.8728052238272074,0.054635275007556015,0.08362186243131735,0.2254363215474009,-0.25717598379386286,-0.6179376723958326,Outer_Race_Fault,Source
1.0318892851861972,-3.9222364774812943,1.257273697407638,0.6231965966509025,0.3944380165011105,0.9781804118959353,0.1271381977356003,-0.34948856960328234,0.3895600801953369,Outer_Race_Fault,Source
7.170047850270682,1.9632589434683432,-0.5431954536002276,-0.8738014572392317,-0.8458327379460343,1.049399559142218,1.709569687791506,0.18609304757817266,-0.014622689536086683,Outer_Race_Fault,Source
7.622203731988812,0.9035067797140512,-0.04200971840132155,-0.8237734531097516,-0.3896370555941212,1.5515754796488401,2.157632463190714,0.06276284549223923,-0.23214494449880815,Outer_Race_Fault,Source
-0.352535220050599,-4.338536987953825,1.4659533600456358,0.8848838997323984,-0.32896227366698055,0.6901815421169765,-0.12904394154959045,-0.6303202269048686,0.1454709122669832,Outer_Race_Fault,Source
-0.8612775949082074,-4.300792982439899,1.7365401795961026,-0.16995758752553378,0.09128497872815419,1.506604688972019,0.9346124036602242,0.4046613890167012,-0.1993005883694761,Outer_Race_Fault,Source
5.472703253624291,0.08323716246290654,0.8687121044342818,-0.4781354759222433,-0.4690407161622107,0.9075247496970256,1.7511260541918792,0.1871325315069592,-0.6973118351517519,Outer_Race_Fault,Source
6.250124730454194,0.7879066405971528,0.1512559547954655,-0.4834663009859001,-0.2203799027637989,1.2053744654025669,1.6606594887882047,0.0905022370248908,-0.5558366418628854,Outer_Race_Fault,Source
1.7896134437523148,-3.7886547984591967,1.9282634323444074,0.7518502393564529,0.7338160883916196,0.16267536311960476,0.5092848752296079,-1.0500863983677695,-0.5157908547279044,Outer_Race_Fault,Source
1.0880206596375055,-2.2963558354414304,1.9887845218029043,-0.061379959521134245,0.2373931602335301,0.5011974563388484,0.9784733429615957,0.3316091720719656,-0.708140596377408,Outer_Race_Fault,Source
2.326511153498219,-0.9369130431860255,0.9065714670918851,0.5509921557441939,-0.6111469727620548,-0.22561550809792472,0.2406418753516771,-0.6481037515272685,-0.11762810778555437,Outer_Race_Fault,Source
2.870833693807594,-1.994876922614059,0.6173955909689305,0.33357219262768856,0.5298831658236354,0.36571232762318623,0.6973331813751942,-0.6122822689968661,-0.22169919794358028,Outer_Race_Fault,Source
5.963236031677002,1.4869245610442974,-0.3557208721795578,0.4284524895630233,-1.3165970598825762,0.4793161877168585,0.6195513932126047,-0.8575763800212473,-0.1776695473050985,Outer_Race_Fault,Source
0.8452593049965584,0.42453764991953113,-1.667878345294993,0.19015617344914248,0.3711800395759472,0.2041641086001179,-0.844398565369145,0.43920449721122296,0.4261074337448291,Outer_Race_Fault,Source
0.7667518293184665,0.6535239436251028,-0.7294473224598778,0.6412142442729857,-0.5551193441660749,-0.3408967441499429,-1.0900955134101613,-0.08262059376649503,0.4952966530739139,Outer_Race_Fault,Source
1.291594136411617,-0.1702569340201591,-1.0920062375441992,0.8023235836587703,0.36893926091579476,-0.25796773873822926,-1.2939913389310302,-0.16610742406015486,0.6229157961567777,Outer_Race_Fault,Source
-0.2771005766087511,0.21989519096318458,0.2264381970113873,0.770134190206139,-1.6585909833208665,-0.14393986832191272,-0.7085173831163869,0.11732151024661766,0.13210726221777527,Outer_Race_Fault,Source
1.2385421691811445,-0.2061553922583703,-2.017111502227232,0.37277965871782337,0.88680346250355,-0.5013030910774139,-0.6446880948473617,-0.4054515632395614,0.4826450564406691,Outer_Race_Fault,Source
0.16708170198945468,-0.8634687121549038,-1.1241721692756568,0.5601717542090465,-0.0335392866156295,0.16734314108421317,-0.8016185471456647,-0.36912054739436945,0.3529955858354659,Outer_Race_Fault,Source
-0.45023077493309155,-1.4209516904767296,0.017223033282257775,1.0242902208709106,-0.45816258980925295,-0.04817229440193416,-0.8146125908955254,-0.2862603788256137,0.19779873408944346,Outer_Race_Fault,Source
-0.40000161233486115,-1.4233283543515334,-0.26566291595005354,0.6534164727158288,-0.35531959882326986,0.5569044369918111,-0.5320054095375558,-0.06573043717273137,0.1167916229552201,Outer_Race_Fault,Source
-0.3754121003149044,-0.8520670893097392,0.1895901961049817,0.5379510400612666,-0.8822755685819667,-0.8708656746573359,-0.4841664282972244,-0.5191766464992906,0.05291440127853177,Outer_Race_Fault,Source
-1.383945400140292,-1.080586003977393,0.7428605229417182,0.336489643245081,-0.5132070987792591,-1.1708727827819476,-0.27454652630067883,-0.1692518940912936,-0.4968479592517848,Outer_Race_Fault,Source
0.24121307504210443,-2.135228267188252,-0.7457587989241163,0.9472675640046626,1.1107933914844204,-0.5308062885678607,-0.7048630016203521,-0.6991885421663422,0.25423352895486107,Outer_Race_Fault,Source
-0.07619379843220551,-2.148734073178259,0.6574159565768881,1.1763986485645108,1.236694968075458,-1.1520763321662661,-0.5744838957401126,-0.8419064830185449,-0.062306027765837775,Outer_Race_Fault,Source
3.3711055136485135,0.8007260655359197,0.5964966156216835,0.22179247268411068,1.068181916213527,-0.12290068855594898,-0.005858391777114226,0.870374819815083,0.5380079084375169,Outer_Race_Fault,Source
3.157766189959186,-0.5808121696926724,1.092680535248788,0.8019856197823072,0.8577285058085161,-0.1616332564680451,-0.5078166487925982,-0.18194682567358308,0.4388444732489115,Outer_Race_Fault,Source
2.1345497093019925,-1.154748620152372,1.5651914129600946,0.08845253811403533,1.1469762870363547,0.059879948440943666,0.5029701206208032,0.7502539620864006,8.664375215431502e-05,Outer_Race_Fault,Source
3.575470922072311,-1.1819707453255368,2.199424670925463,0.30136508926329875,0.627409281873931,1.0122879271163203,0.5934708165691674,0.582417972334516,0.05729957641066233,Outer_Race_Fault,Source
4.039828686789068,-1.4954966880169922,4.6550214064048525,0.5830853373030749,1.57263318859787,-1.9928733342010958,0.2944990163946792,-0.5966821115229285,-0.6701519797297544,Outer_Race_Fault,Source
3.8967567143052064,0.732267560921435,0.5307976741799819,-0.3328682545138893,1.5577030137915238,-0.3728158929399167,-0.29114456910652375,0.048185535367813316,0.3006246169659074,Outer_Race_Fault,Source
2.6364757967287646,-0.6484750907948836,0.757144590987173,-0.43450093741252077,1.175847106699347,0.032344467483317554,-0.2235249994995201,0.5043862206569347,0.16356563734836696,Outer_Race_Fault,Source
2.0463053267671585,1.094931476231667,3.9271108599970526,0.2736280265873278,-1.6079047234738786,-0.0012341103184591133,0.24163734612051685,0.6826098884046203,-0.46753347624988895,Outer_Race_Fault,Source
3.406726437095741,-1.079771235104975,1.09920439598548,0.41824499638324514,0.8414165013539799,0.10339013894358043,0.09331048358248593,-0.09838784772656495,-0.11240461763097148,Outer_Race_Fault,Source
0.5080802978253027,-0.9994337140399442,6.021398181213697,-0.12027979102026426,0.13232915563479647,-2.716878846738676,0.571812612574811,0.35486092148700943,-0.8948934748528848,Outer_Race_Fault,Source
1.7681903170441782,-0.7273972875905882,2.3120922483584323,-0.10173319284116406,0.6330364770851016,-1.308646158194886,-0.4325596729929551,-0.000299341493753271,-0.24057102494877267,Outer_Race_Fault,Source
0.5342475862350656,0.7867999546088081,4.066526696305704,-0.262609249911204,-0.40502543201992647,-2.663327136751841,-0.15001005660369174,0.32713178152157046,-0.8208223921307719,Outer_Race_Fault,Source
-6.144314648907586,7.667171975631421,3.836987212614542,0.3424444294026529,-3.419778658179674,0.4662396321956579,0.20238103464703655,0.5692720805915725,0.584169748491495,Normal,Source
-4.826955170121973,5.764713389241361,2.075412960374398,-0.5006505283028984,0.5198686154476441,-0.35338761775841604,0.23950273909210995,1.0707185392788219,-0.22008515324879546,Normal,Source
-4.944047126054488,6.062503910380501,2.1148763005870954,-0.7012158211277102,0.28528755439766107,0.7648078799054957,-0.3588526968813814,-0.10340517154351256,-1.704624615345267,Normal,Source
-6.552123462858751,7.543618912767358,3.1987713443915347,2.0331444960257428,4.027140922670544,0.12996821752441032,3.9049682078180847,-0.25450896495755415,2.9924053510499085,Normal,Source
-7.123994970052966,9.034089650848843,4.260761960044859,2.6514059865374824,0.9543834723829487,-0.008672909283038379,3.231043295272241,-0.4452009203496189,1.8186362796943532,Normal,Source
-6.734960140760831,8.132572153889322,3.783750866686943,2.7958045941616647,-0.7444810003863183,-0.2976993581210089,3.6379910990278685,0.8435378463678945,2.8973397660828253,Normal,Source
-6.537234805646244,7.625284887531863,3.6346275489798012,0.991115153218198,2.122745400491425,-0.0940190680853869,3.3169350667750885,1.5863813425584956,0.8246312135502251,Normal,Source
-6.258933075773018,7.5274950320523475,3.9287881939309446,-3.0407012678430454,3.4389835051908575,2.383424953616257,-1.8225630128274073,-0.30205953543151565,-2.0423515099640235,Normal,Source
-7.613635119277619,10.220485205476495,5.548861528801707,-1.6368714823896007,0.8360035149689684,2.689546995515732,-0.8273008737535205,-1.0123159025755601,0.5551110986173017,Normal,Source
-7.255814670650669,9.897302987368647,5.232761212904822,-1.775653266934159,1.2186987757962073,3.476343968274551,-1.0977237875597188,-0.6654946448044559,0.13107841868030573,Normal,Source
-5.756333921475429,7.104326401936488,3.6662610115514207,-2.973496371180248,4.848974842352037,2.747562644631333,-1.1495999658142169,0.006239284138762959,-1.1597364893706035,Normal,Source
-6.162137669929118,7.514115209904042,4.5081127809072585,-2.773498537411753,1.953102031237715,2.685516711824563,-1.220641852622007,0.32320635671359743,-0.8728388413858839,Normal,Source
